ID,Rating
0,3High
1,2Medium
2,3High
3,3High
4,3High
5,3High
6,3High
7,3High
8,3High
9,3High
10,3High
11,3High
12,3High
13,3High
14,3High
15,1Low
16,3High
17,3High
18,3High
19,3High
20,3High
21,3High
22,3High
23,3High
24,3High
25,1Low
26,1Low
27,3High
28,3High
29,3High
30,2Medium
31,3High
32,3High
33,3High
34,3High
35,3High
36,3High
37,3High
38,1Low
39,1Low
40,3High
41,3High
42,3High
43,3High
44,3High
45,3High
46,3High
47,3High
48,3High
49,3High
50,3High
51,3High
52,3High
53,3High
54,2Medium
55,3High
56,3High
57,3High
58,3High
59,2Medium
60,3High
61,3High
62,3High
63,3High
64,3High
65,1Low
66,3High
67,1Low
68,3High
69,3High
70,3High
71,3High
72,3High
73,3High
74,2Medium
75,3High
76,3High
77,3High
78,3High
79,3High
80,3High
81,3High
82,2Medium
83,3High
84,3High
85,3High
86,3High
87,3High
88,1Low
89,3High
90,3High
91,3High
92,3High
93,3High
94,3High
95,3High
96,3High
97,1Low
98,3High
99,3High
100,3High
101,3High
102,3High
103,3High
104,3High
105,3High
106,3High
107,3High
108,3High
109,1Low
110,1Low
111,3High
112,3High
113,3High
114,1Low
115,3High
116,3High
117,3High
118,3High
119,3High
120,3High
121,3High
122,3High
123,3High
124,3High
125,3High
126,2Medium
127,3High
128,3High
129,3High
130,1Low
131,3High
132,3High
133,3High
134,3High
135,3High
136,3High
137,3High
138,3High
139,3High
140,3High
141,3High
142,1Low
143,3High
144,3High
145,2Medium
146,3High
147,3High
148,1Low
149,3High
150,3High
151,2Medium
152,3High
153,3High
154,3High
155,3High
156,3High
157,3High
158,1Low
159,1Low
160,3High
161,1Low
162,3High
163,3High
164,1Low
165,3High
166,3High
167,3High
168,3High
169,3High
170,3High
171,3High
172,3High
173,3High
174,3High
175,3High
176,3High
177,2Medium
178,3High
179,1Low
180,3High
181,3High
182,2Medium
183,3High
184,3High
185,1Low
186,3High
187,3High
188,3High
189,3High
190,3High
191,3High
192,2Medium
193,3High
194,3High
195,1Low
196,3High
197,3High
198,3High
199,3High
200,3High
201,3High
202,3High
203,1Low
204,1Low
205,3High
206,3High
207,3High
208,3High
209,3High
210,3High
211,3High
212,2Medium
213,3High
214,3High
215,3High
216,3High
217,3High
218,3High
219,3High
220,3High
221,3High
222,3High
223,3High
224,3High
225,3High
226,1Low
227,3High
228,1Low
229,3High
230,3High
231,1Low
232,3High
233,1Low
234,3High
235,2Medium
236,1Low
237,3High
238,1Low
239,3High
240,3High
241,1Low
242,1Low
243,3High
244,3High
245,3High
246,2Medium
247,3High
248,3High
249,3High
250,3High
251,3High
252,3High
253,3High
254,1Low
255,3High
256,3High
257,3High
258,3High
259,2Medium
260,3High
261,1Low
262,3High
263,3High
264,3High
265,1Low
266,3High
267,2Medium
268,2Medium
269,1Low
270,3High
271,3High
272,1Low
273,3High
274,3High
275,1Low
276,3High
277,3High
278,3High
279,3High
280,3High
281,3High
282,3High
283,3High
284,3High
285,3High
286,3High
287,1Low
288,3High
289,3High
290,3High
291,3High
292,1Low
293,2Medium
294,3High
295,3High
296,1Low
297,1Low
298,3High
299,3High
300,3High
301,3High
302,3High
303,3High
304,1Low
305,3High
306,3High
307,3High
308,3High
309,3High
310,3High
311,2Medium
312,1Low
313,3High
314,3High
315,3High
316,1Low
317,3High
318,3High
319,3High
320,3High
321,3High
322,1Low
323,3High
324,3High
325,3High
326,1Low
327,3High
328,3High
329,3High
330,3High
331,3High
332,2Medium
333,1Low
334,3High
335,3High
336,3High
337,1Low
338,3High
339,3High
340,2Medium
341,3High
342,3High
343,3High
344,3High
345,3High
346,3High
347,3High
348,1Low
349,3High
350,3High
351,3High
352,3High
353,3High
354,3High
355,3High
356,3High
357,3High
358,1Low
359,3High
360,1Low
361,3High
362,3High
363,3High
364,3High
365,3High
366,3High
367,3High
368,3High
369,3High
370,3High
371,3High
372,3High
373,1Low
374,3High
375,3High
376,3High
377,3High
378,3High
379,3High
380,1Low
381,3High
382,3High
383,3High
384,2Medium
385,3High
386,3High
387,1Low
388,3High
389,1Low
390,3High
391,3High
392,3High
393,3High
394,3High
395,3High
396,3High
397,3High
398,3High
399,3High
400,3High
401,2Medium
402,3High
403,3High
404,3High
405,3High
406,3High
407,3High
408,3High
409,1Low
410,3High
411,3High
412,1Low
413,3High
414,3High
415,3High
416,3High
417,3High
418,3High
419,3High
420,3High
421,3High
422,3High
423,3High
424,3High
425,1Low
426,3High
427,1Low
428,3High
429,3High
430,3High
431,3High
432,3High
433,2Medium
434,3High
435,3High
436,3High
437,2Medium
438,3High
439,3High
440,3High
441,1Low
442,3High
443,1Low
444,3High
445,3High
446,1Low
447,1Low
448,3High
449,3High
450,3High
451,3High
452,3High
453,3High
454,3High
455,2Medium
456,3High
457,2Medium
458,3High
459,3High
460,3High
461,3High
462,3High
463,3High
464,3High
465,3High
466,3High
467,1Low
468,3High
469,1Low
470,3High
471,1Low
472,3High
473,1Low
474,3High
475,3High
476,3High
477,3High
478,3High
479,3High
480,3High
481,3High
482,3High
483,3High
484,1Low
485,1Low
486,3High
487,3High
488,3High
489,1Low
490,3High
491,3High
492,1Low
493,3High
494,3High
495,3High
496,3High
497,3High
498,3High
499,3High
500,3High
501,3High
502,3High
503,3High
504,3High
505,3High
506,3High
507,3High
508,3High
509,3High
510,3High
511,3High
512,3High
513,3High
514,3High
515,3High
516,3High
517,3High
518,3High
519,3High
520,1Low
521,3High
522,1Low
523,3High
524,1Low
525,3High
526,3High
527,3High
528,3High
529,3High
530,3High
531,3High
532,3High
533,3High
534,3High
535,3High
536,3High
537,1Low
538,3High
539,3High
540,3High
541,3High
542,3High
543,3High
544,3High
545,3High
546,3High
547,1Low
548,1Low
549,3High
550,3High
551,3High
552,1Low
553,1Low
554,1Low
555,3High
556,3High
557,3High
558,3High
559,2Medium
560,3High
561,3High
562,3High
563,1Low
564,3High
565,3High
566,1Low
567,3High
568,1Low
569,2Medium
570,3High
571,3High
572,1Low
573,3High
574,3High
575,1Low
576,3High
577,2Medium
578,3High
579,2Medium
580,3High
581,3High
582,3High
583,3High
584,3High
585,3High
586,3High
587,3High
588,3High
589,3High
590,1Low
591,3High
592,3High
593,3High
594,2Medium
595,3High
596,3High
597,3High
598,3High
599,3High
600,1Low
601,3High
602,3High
603,3High
604,3High
605,3High
606,3High
607,3High
608,3High
609,3High
610,3High
611,3High
612,3High
613,3High
614,1Low
615,3High
616,3High
617,3High
618,3High
619,3High
620,3High
621,3High
622,3High
623,3High
624,3High
625,3High
626,1Low
627,3High
628,3High
629,3High
630,3High
631,3High
632,3High
633,1Low
634,3High
635,1Low
636,2Medium
637,3High
638,3High
639,3High
640,3High
641,3High
642,3High
643,3High
644,3High
645,3High
646,3High
647,3High
648,3High
649,3High
650,1Low
651,2Medium
652,3High
653,3High
654,3High
655,3High
656,3High
657,3High
658,3High
659,2Medium
660,3High
661,3High
662,3High
663,3High
664,3High
665,3High
666,3High
667,1Low
668,3High
669,3High
670,3High
671,3High
672,1Low
673,2Medium
674,3High
675,3High
676,3High
677,3High
678,3High
679,3High
680,1Low
681,3High
682,2Medium
683,3High
684,1Low
685,3High
686,3High
687,3High
688,3High
689,3High
690,3High
691,3High
692,2Medium
693,3High
694,1Low
695,3High
696,3High
697,3High
698,3High
699,3High
700,3High
701,3High
702,3High
703,3High
704,1Low
705,1Low
706,3High
707,3High
708,3High
709,3High
710,3High
711,3High
712,1Low
713,1Low
714,3High
715,2Medium
716,3High
717,3High
718,1Low
719,3High
720,3High
721,3High
722,3High
723,3High
724,3High
725,3High
726,3High
727,3High
728,1Low
729,1Low
730,1Low
731,3High
732,3High
733,1Low
734,3High
735,3High
736,3High
737,1Low
738,1Low
739,1Low
740,3High
741,1Low
742,3High
743,1Low
744,1Low
745,3High
746,2Medium
747,3High
748,3High
749,3High
750,3High
751,3High
752,3High
753,3High
754,3High
755,1Low
756,3High
757,3High
758,3High
759,3High
760,1Low
761,3High
762,3High
763,3High
764,3High
765,3High
766,2Medium
767,3High
768,2Medium
769,3High
770,3High
771,3High
772,3High
773,3High
774,3High
775,3High
776,3High
777,2Medium
778,3High
779,3High
780,3High
781,1Low
782,3High
783,3High
784,3High
785,1Low
786,1Low
787,3High
788,3High
789,3High
790,3High
791,3High
792,3High
793,3High
794,3High
795,3High
796,3High
797,3High
798,3High
799,3High
800,3High
801,3High
802,3High
803,1Low
804,3High
805,3High
806,3High
807,3High
808,1Low
809,3High
810,3High
811,3High
812,3High
813,2Medium
814,3High
815,3High
816,1Low
817,1Low
818,3High
819,1Low
820,3High
821,3High
822,1Low
823,3High
824,3High
825,1Low
826,3High
827,3High
828,3High
829,1Low
830,3High
831,3High
832,3High
833,3High
834,3High
835,3High
836,3High
837,3High
838,3High
839,3High
840,3High
841,2Medium
842,3High
843,3High
844,3High
845,3High
846,3High
847,3High
848,3High
849,2Medium
850,3High
851,3High
852,3High
853,3High
854,3High
855,3High
856,1Low
857,3High
858,3High
859,3High
860,3High
861,3High
862,3High
863,3High
864,3High
865,1Low
866,3High
867,3High
868,3High
869,3High
870,3High
871,3High
872,3High
873,3High
874,1Low
875,3High
876,3High
877,3High
878,3High
879,3High
880,1Low
881,1Low
882,3High
883,3High
884,1Low
885,3High
886,1Low
887,3High
888,3High
889,3High
890,3High
891,2Medium
892,3High
893,3High
894,3High
895,3High
896,3High
897,3High
898,3High
899,3High
900,2Medium
901,2Medium
902,3High
903,3High
904,2Medium
905,3High
906,1Low
907,1Low
908,3High
909,3High
910,3High
911,3High
912,1Low
913,3High
914,3High
915,1Low
916,3High
917,3High
918,3High
919,3High
920,3High
921,3High
922,3High
923,3High
924,1Low
925,3High
926,3High
927,3High
928,3High
929,1Low
930,3High
931,3High
932,3High
933,3High
934,3High
935,3High
936,3High
937,3High
938,3High
939,3High
940,3High
941,3High
942,3High
943,3High
944,2Medium
945,3High
946,3High
947,3High
948,3High
949,3High
950,3High
951,3High
952,3High
953,3High
954,3High
955,3High
956,3High
957,3High
958,1Low
959,3High
960,3High
961,3High
962,3High
963,3High
964,3High
965,3High
966,3High
967,2Medium
968,3High
969,3High
970,3High
971,3High
972,3High
973,3High
974,1Low
975,3High
976,3High
977,3High
978,3High
979,3High
980,3High
981,1Low
982,1Low
983,3High
984,3High
985,1Low
986,1Low
987,3High
988,3High
989,1Low
990,3High
991,3High
992,1Low
993,3High
994,3High
995,3High
996,3High
997,1Low
998,3High
999,3High
1000,1Low
1001,3High
1002,3High
1003,3High
1004,3High
1005,3High
1006,3High
1007,3High
1008,3High
1009,3High
1010,3High
1011,3High
1012,3High
1013,3High
1014,3High
1015,3High
1016,1Low
1017,3High
1018,1Low
1019,2Medium
1020,1Low
1021,3High
1022,3High
1023,1Low
1024,1Low
1025,3High
1026,3High
1027,3High
1028,3High
1029,3High
1030,1Low
1031,3High
1032,3High
1033,3High
1034,3High
1035,3High
1036,3High
1037,3High
1038,3High
1039,3High
1040,3High
1041,3High
1042,3High
1043,3High
1044,3High
1045,3High
1046,3High
1047,3High
1048,3High
1049,3High
1050,3High
1051,3High
1052,3High
1053,3High
1054,3High
1055,3High
1056,3High
1057,3High
1058,3High
1059,1Low
1060,3High
1061,3High
1062,1Low
1063,1Low
1064,3High
1065,3High
1066,2Medium
1067,3High
1068,3High
1069,3High
1070,3High
1071,1Low
1072,3High
1073,1Low
1074,1Low
1075,3High
1076,3High
1077,3High
1078,3High
1079,1Low
1080,3High
1081,3High
1082,3High
1083,3High
1084,1Low
1085,3High
1086,3High
1087,3High
1088,1Low
1089,3High
1090,3High
1091,3High
1092,3High
1093,3High
1094,1Low
1095,2Medium
1096,1Low
1097,3High
1098,3High
1099,3High
1100,3High
1101,3High
1102,3High
1103,1Low
1104,3High
1105,3High
1106,3High
1107,3High
1108,2Medium
1109,1Low
1110,3High
1111,3High
1112,3High
1113,2Medium
1114,3High
1115,3High
1116,3High
1117,1Low
1118,3High
1119,3High
1120,3High
1121,3High
1122,3High
1123,3High
1124,3High
1125,3High
1126,3High
1127,3High
1128,3High
1129,3High
1130,1Low
1131,3High
1132,3High
1133,1Low
1134,1Low
1135,1Low
1136,3High
1137,3High
1138,3High
1139,1Low
1140,3High
1141,3High
1142,1Low
1143,3High
1144,3High
1145,1Low
1146,3High
1147,3High
1148,1Low
1149,1Low
1150,3High
1151,3High
1152,3High
1153,3High
1154,1Low
1155,3High
1156,1Low
1157,3High
1158,2Medium
1159,3High
1160,3High
1161,1Low
1162,3High
1163,3High
1164,3High
1165,3High
1166,1Low
1167,3High
1168,3High
1169,3High
1170,1Low
1171,3High
1172,3High
1173,3High
1174,3High
1175,3High
1176,3High
1177,3High
1178,3High
1179,3High
1180,1Low
1181,3High
1182,3High
1183,3High
1184,3High
1185,3High
1186,3High
1187,3High
1188,3High
1189,3High
1190,3High
1191,3High
1192,3High
1193,2Medium
1194,3High
1195,3High
1196,3High
1197,3High
1198,1Low
1199,3High
1200,1Low
1201,3High
1202,1Low
1203,3High
1204,1Low
1205,3High
1206,3High
1207,3High
1208,3High
1209,3High
1210,3High
1211,3High
1212,3High
1213,3High
1214,3High
1215,3High
1216,3High
1217,3High
1218,1Low
1219,3High
1220,3High
1221,3High
1222,3High
1223,3High
1224,3High
1225,2Medium
1226,3High
1227,3High
1228,3High
1229,3High
1230,3High
1231,3High
1232,3High
1233,3High
1234,3High
1235,3High
1236,2Medium
1237,3High
1238,3High
1239,1Low
1240,3High
1241,3High
1242,3High
1243,3High
1244,3High
1245,3High
1246,3High
1247,3High
1248,3High
1249,3High
1250,1Low
1251,3High
1252,1Low
1253,3High
1254,3High
1255,3High
1256,3High
1257,3High
1258,3High
1259,3High
1260,1Low
1261,3High
1262,3High
1263,3High
1264,3High
1265,3High
1266,3High
1267,1Low
1268,3High
1269,3High
1270,2Medium
1271,1Low
1272,3High
1273,3High
1274,3High
1275,3High
1276,3High
1277,3High
1278,3High
1279,3High
1280,3High
1281,3High
1282,3High
1283,3High
1284,3High
1285,3High
1286,3High
1287,1Low
1288,3High
1289,3High
1290,3High
1291,2Medium
1292,3High
1293,3High
1294,2Medium
1295,1Low
1296,3High
1297,3High
1298,1Low
1299,3High
1300,1Low
1301,3High
1302,3High
1303,3High
1304,3High
1305,1Low
1306,3High
1307,3High
1308,3High
1309,3High
1310,3High
1311,3High
1312,3High
1313,3High
1314,3High
1315,3High
1316,3High
1317,3High
1318,3High
1319,3High
1320,3High
1321,3High
1322,3High
1323,3High
1324,1Low
1325,3High
1326,3High
1327,2Medium
1328,3High
1329,3High
1330,1Low
1331,3High
1332,3High
1333,3High
1334,1Low
1335,3High
1336,3High
1337,3High
1338,1Low
1339,2Medium
1340,3High
1341,3High
1342,3High
1343,3High
1344,3High
1345,3High
1346,1Low
1347,3High
1348,3High
1349,3High
1350,3High
1351,3High
1352,3High
1353,3High
1354,1Low
1355,3High
1356,3High
1357,1Low
1358,3High
1359,3High
1360,3High
1361,3High
1362,1Low
1363,3High
1364,1Low
1365,3High
1366,3High
1367,1Low
1368,1Low
1369,1Low
1370,3High
1371,3High
1372,3High
1373,2Medium
1374,3High
1375,3High
1376,3High
1377,3High
1378,3High
1379,3High
1380,1Low
1381,1Low
1382,3High
1383,3High
1384,3High
1385,3High
1386,1Low
1387,3High
1388,3High
1389,3High
1390,3High
1391,1Low
1392,3High
1393,3High
1394,3High
1395,2Medium
1396,3High
1397,3High
1398,1Low
1399,3High
1400,3High
1401,3High
1402,3High
1403,3High
1404,3High
1405,3High
1406,3High
1407,3High
1408,3High
1409,3High
1410,3High
1411,3High
1412,2Medium
1413,3High
1414,3High
1415,3High
1416,3High
1417,3High
1418,3High
1419,3High
1420,1Low
1421,3High
1422,1Low
1423,3High
1424,3High
1425,3High
1426,3High
1427,3High
1428,3High
1429,1Low
1430,3High
1431,3High
1432,3High
1433,3High
1434,3High
1435,1Low
1436,3High
1437,3High
1438,3High
1439,3High
1440,3High
1441,3High
1442,3High
1443,3High
1444,3High
1445,3High
1446,3High
1447,3High
1448,3High
1449,3High
1450,1Low
1451,1Low
1452,3High
1453,1Low
1454,3High
1455,1Low
1456,1Low
1457,1Low
1458,1Low
1459,1Low
1460,3High
1461,1Low
1462,3High
1463,1Low
1464,3High
1465,3High
1466,3High
1467,1Low
1468,3High
1469,3High
1470,3High
1471,3High
1472,3High
1473,2Medium
1474,3High
1475,3High
1476,2Medium
1477,3High
1478,3High
1479,3High
1480,3High
1481,3High
1482,3High
1483,3High
1484,3High
1485,2Medium
1486,3High
1487,3High
1488,3High
1489,3High
1490,1Low
1491,1Low
1492,3High
1493,3High
1494,3High
1495,1Low
1496,2Medium
1497,3High
1498,3High
1499,3High
1500,3High
1501,3High
1502,3High
1503,3High
1504,3High
1505,3High
1506,3High
1507,1Low
1508,3High
1509,3High
1510,1Low
1511,3High
1512,3High
1513,1Low
1514,1Low
1515,1Low
1516,3High
1517,3High
1518,3High
1519,3High
1520,3High
1521,3High
1522,1Low
1523,3High
1524,2Medium
1525,3High
1526,3High
1527,3High
1528,3High
1529,3High
1530,3High
1531,3High
1532,3High
1533,3High
1534,3High
1535,2Medium
1536,2Medium
1537,3High
1538,3High
1539,1Low
1540,3High
1541,3High
1542,3High
1543,3High
1544,3High
1545,1Low
1546,3High
1547,2Medium
1548,3High
1549,3High
1550,3High
1551,3High
1552,3High
1553,3High
1554,3High
1555,3High
1556,3High
1557,3High
1558,3High
1559,3High
1560,3High
1561,3High
1562,3High
1563,3High
1564,3High
1565,3High
1566,3High
1567,3High
1568,1Low
1569,3High
1570,3High
1571,3High
1572,3High
1573,2Medium
1574,3High
1575,3High
1576,3High
1577,3High
1578,3High
1579,3High
1580,3High
1581,3High
1582,3High
1583,3High
1584,3High
1585,3High
1586,3High
1587,3High
1588,3High
1589,3High
1590,1Low
1591,3High
1592,3High
1593,1Low
1594,1Low
1595,3High
1596,2Medium
1597,3High
1598,3High
1599,3High
1600,2Medium
1601,3High
1602,3High
1603,1Low
1604,3High
1605,3High
1606,3High
1607,1Low
1608,1Low
1609,3High
1610,1Low
1611,3High
1612,3High
1613,3High
1614,3High
1615,3High
1616,3High
1617,3High
1618,3High
1619,3High
1620,3High
1621,3High
1622,3High
1623,3High
1624,3High
1625,3High
1626,3High
1627,3High
1628,1Low
1629,3High
1630,3High
1631,3High
1632,1Low
1633,3High
1634,3High
1635,1Low
1636,3High
1637,3High
1638,3High
1639,3High
1640,3High
1641,3High
1642,3High
1643,3High
1644,3High
1645,3High
1646,3High
1647,3High
1648,1Low
1649,3High
1650,3High
1651,3High
1652,1Low
1653,2Medium
1654,3High
1655,1Low
1656,2Medium
1657,3High
1658,3High
1659,3High
1660,3High
1661,3High
1662,3High
1663,3High
1664,3High
1665,3High
1666,3High
1667,1Low
1668,3High
1669,2Medium
1670,3High
1671,3High
1672,3High
1673,3High
1674,3High
1675,3High
1676,3High
1677,1Low
1678,3High
1679,3High
1680,3High
1681,3High
1682,3High
1683,2Medium
1684,3High
1685,1Low
1686,1Low
1687,3High
1688,3High
1689,3High
1690,3High
1691,3High
1692,3High
1693,3High
1694,3High
1695,1Low
1696,3High
1697,3High
1698,3High
1699,3High
1700,3High
1701,3High
1702,3High
1703,3High
1704,3High
1705,3High
1706,3High
1707,3High
1708,1Low
1709,3High
1710,3High
1711,2Medium
1712,1Low
1713,3High
1714,3High
1715,3High
1716,1Low
1717,3High
1718,3High
1719,3High
1720,3High
1721,3High
1722,3High
1723,1Low
1724,3High
1725,3High
1726,2Medium
1727,3High
1728,3High
1729,3High
1730,3High
1731,3High
1732,3High
1733,3High
1734,3High
1735,3High
1736,3High
1737,3High
1738,3High
1739,3High
1740,3High
1741,3High
1742,3High
1743,3High
1744,3High
1745,3High
1746,3High
1747,3High
1748,3High
1749,3High
1750,1Low
1751,3High
1752,3High
1753,3High
1754,1Low
1755,3High
1756,3High
1757,3High
1758,2Medium
1759,3High
1760,3High
1761,3High
1762,3High
1763,1Low
1764,3High
1765,1Low
1766,3High
1767,3High
1768,3High
1769,3High
1770,3High
1771,3High
1772,1Low
1773,3High
1774,1Low
1775,3High
1776,3High
1777,3High
1778,3High
1779,3High
1780,3High
1781,3High
1782,3High
1783,1Low
1784,1Low
1785,3High
1786,3High
1787,1Low
1788,3High
1789,1Low
1790,1Low
1791,3High
1792,3High
1793,3High
1794,3High
1795,1Low
1796,3High
1797,3High
1798,3High
1799,3High
1800,3High
1801,3High
1802,3High
1803,3High
1804,3High
1805,3High
1806,3High
1807,3High
1808,1Low
1809,3High
1810,3High
1811,3High
1812,3High
1813,3High
1814,3High
1815,3High
1816,3High
1817,3High
1818,3High
1819,3High
1820,1Low
1821,3High
1822,3High
1823,3High
1824,3High
1825,3High
1826,3High
1827,3High
1828,3High
1829,3High
1830,3High
1831,2Medium
1832,3High
1833,3High
1834,3High
1835,3High
1836,3High
1837,3High
1838,1Low
1839,3High
1840,3High
1841,1Low
1842,1Low
1843,3High
1844,3High
1845,3High
1846,3High
1847,3High
1848,3High
1849,3High
1850,3High
1851,1Low
1852,3High
1853,3High
1854,3High
1855,3High
1856,1Low
1857,1Low
1858,3High
1859,1Low
1860,3High
1861,1Low
1862,3High
1863,1Low
1864,3High
1865,3High
1866,3High
1867,3High
1868,3High
1869,3High
1870,3High
1871,3High
1872,3High
1873,1Low
1874,1Low
1875,3High
1876,1Low
1877,3High
1878,3High
1879,1Low
1880,3High
1881,3High
1882,1Low
1883,3High
1884,3High
1885,3High
1886,3High
1887,1Low
1888,1Low
1889,3High
1890,3High
1891,3High
1892,3High
1893,3High
1894,1Low
1895,3High
1896,3High
1897,3High
1898,3High
1899,3High
1900,1Low
1901,3High
1902,3High
1903,3High
1904,3High
1905,3High
1906,1Low
1907,3High
1908,3High
1909,3High
1910,3High
1911,3High
1912,1Low
1913,3High
1914,1Low
1915,3High
1916,3High
1917,3High
1918,3High
1919,3High
1920,3High
1921,3High
1922,3High
1923,3High
1924,3High
1925,3High
1926,3High
1927,3High
1928,1Low
1929,3High
1930,3High
1931,3High
1932,3High
1933,1Low
1934,3High
1935,3High
1936,3High
1937,3High
1938,3High
1939,1Low
1940,1Low
1941,3High
1942,3High
1943,3High
1944,3High
1945,3High
1946,3High
1947,3High
1948,3High
1949,3High
1950,2Medium
1951,3High
1952,3High
1953,3High
1954,3High
1955,2Medium
1956,3High
1957,1Low
1958,3High
1959,3High
1960,2Medium
1961,3High
1962,3High
1963,3High
1964,3High
1965,3High
1966,3High
1967,3High
1968,3High
1969,3High
1970,3High
1971,3High
1972,3High
1973,2Medium
1974,3High
1975,1Low
1976,3High
1977,3High
1978,3High
1979,1Low
1980,3High
1981,3High
1982,1Low
1983,3High
1984,1Low
1985,3High
1986,3High
1987,3High
1988,3High
1989,3High
1990,1Low
1991,1Low
1992,1Low
1993,3High
1994,3High
1995,1Low
1996,3High
1997,1Low
1998,3High
1999,3High
2000,3High
2001,3High
2002,3High
2003,3High
2004,2Medium
2005,3High
2006,3High
2007,3High
2008,2Medium
2009,3High
2010,3High
2011,3High
2012,3High
2013,3High
2014,3High
2015,3High
2016,1Low
2017,3High
2018,3High
2019,3High
2020,3High
2021,2Medium
2022,3High
2023,3High
2024,3High
2025,3High
2026,3High
2027,3High
2028,3High
2029,3High
2030,3High
2031,3High
2032,3High
2033,3High
2034,3High
2035,3High
2036,3High
2037,3High
2038,1Low
2039,3High
2040,3High
2041,3High
2042,3High
2043,3High
2044,3High
2045,3High
2046,3High
2047,2Medium
2048,3High
2049,3High
2050,1Low
2051,3High
2052,3High
2053,3High
2054,3High
2055,3High
2056,1Low
2057,1Low
2058,3High
2059,3High
2060,3High
2061,3High
2062,1Low
2063,3High
2064,1Low
2065,1Low
2066,3High
2067,1Low
2068,3High
2069,3High
2070,3High
2071,3High
2072,3High
2073,3High
2074,3High
2075,3High
2076,3High
2077,3High
2078,3High
2079,3High
2080,3High
2081,3High
2082,3High
2083,3High
2084,3High
2085,3High
2086,3High
2087,3High
2088,3High
2089,3High
2090,2Medium
2091,3High
2092,1Low
2093,3High
2094,3High
2095,3High
2096,3High
2097,3High
2098,2Medium
2099,3High
2100,3High
2101,3High
2102,3High
2103,3High
2104,3High
2105,3High
2106,3High
2107,1Low
2108,3High
2109,3High
2110,3High
2111,3High
2112,1Low
2113,3High
2114,3High
2115,1Low
2116,3High
2117,3High
2118,3High
2119,3High
2120,3High
2121,3High
2122,2Medium
2123,3High
2124,3High
2125,3High
2126,2Medium
2127,3High
2128,1Low
2129,1Low
2130,3High
2131,3High
2132,3High
2133,3High
2134,2Medium
2135,3High
2136,3High
2137,3High
2138,1Low
2139,3High
2140,3High
2141,1Low
2142,1Low
2143,3High
2144,1Low
2145,3High
2146,3High
2147,3High
2148,3High
2149,3High
2150,1Low
2151,3High
2152,3High
2153,3High
2154,3High
2155,3High
2156,1Low
2157,1Low
2158,3High
2159,1Low
2160,1Low
2161,3High
2162,3High
2163,3High
2164,2Medium
2165,3High
2166,3High
2167,1Low
2168,3High
2169,3High
2170,3High
2171,3High
2172,3High
2173,3High
2174,3High
2175,3High
2176,3High
2177,1Low
2178,3High
2179,3High
2180,3High
2181,3High
2182,3High
2183,3High
2184,3High
2185,3High
2186,3High
2187,3High
2188,3High
2189,3High
2190,1Low
2191,3High
2192,1Low
2193,3High
2194,3High
2195,1Low
2196,3High
2197,3High
2198,3High
2199,3High
2200,3High
2201,3High
2202,3High
2203,3High
2204,3High
2205,3High
2206,3High
2207,3High
2208,3High
2209,3High
2210,3High
2211,3High
2212,3High
2213,3High
2214,3High
2215,3High
2216,3High
2217,2Medium
2218,1Low
2219,3High
2220,3High
2221,1Low
2222,1Low
2223,3High
2224,3High
2225,3High
2226,2Medium
2227,3High
2228,3High
2229,3High
2230,3High
2231,3High
2232,3High
2233,1Low
2234,3High
2235,3High
2236,3High
2237,3High
2238,3High
2239,3High
2240,3High
2241,3High
2242,3High
2243,3High
2244,3High
2245,3High
2246,3High
2247,3High
2248,3High
2249,3High
2250,3High
2251,3High
2252,1Low
2253,3High
2254,3High
2255,3High
2256,3High
2257,3High
2258,3High
2259,3High
2260,3High
2261,3High
2262,3High
2263,1Low
2264,3High
2265,3High
2266,3High
2267,1Low
2268,3High
2269,3High
2270,3High
2271,1Low
2272,3High
2273,3High
2274,3High
2275,3High
2276,1Low
2277,3High
2278,3High
2279,3High
2280,1Low
2281,1Low
2282,3High
2283,3High
2284,3High
2285,3High
2286,3High
2287,3High
2288,3High
2289,3High
2290,3High
2291,3High
2292,3High
2293,3High
2294,3High
2295,3High
2296,3High
2297,1Low
2298,3High
2299,1Low
2300,2Medium
2301,1Low
2302,3High
2303,3High
2304,3High
2305,3High
2306,3High
2307,3High
2308,3High
2309,3High
2310,3High
2311,3High
2312,3High
2313,3High
2314,3High
2315,1Low
2316,3High
2317,3High
2318,3High
2319,3High
2320,1Low
2321,3High
2322,3High
2323,3High
2324,3High
2325,3High
2326,3High
2327,3High
2328,3High
2329,3High
2330,1Low
2331,3High
2332,3High
2333,3High
2334,1Low
2335,1Low
2336,3High
2337,3High
2338,1Low
2339,3High
2340,3High
2341,3High
2342,1Low
2343,1Low
2344,3High
2345,3High
2346,1Low
2347,3High
2348,3High
2349,3High
2350,3High
2351,3High
2352,3High
2353,1Low
2354,3High
2355,3High
2356,3High
2357,3High
2358,3High
2359,3High
2360,3High
2361,3High
2362,3High
2363,3High
2364,3High
2365,1Low
2366,3High
2367,3High
2368,3High
2369,3High
2370,3High
2371,3High
2372,3High
2373,3High
2374,3High
2375,3High
2376,3High
2377,3High
2378,3High
2379,3High
2380,3High
2381,3High
2382,2Medium
2383,3High
2384,3High
2385,2Medium
2386,1Low
2387,3High
2388,3High
2389,3High
2390,3High
2391,3High
2392,3High
2393,2Medium
2394,3High
2395,3High
2396,3High
2397,1Low
2398,3High
2399,3High
2400,1Low
2401,3High
2402,3High
2403,3High
2404,3High
2405,3High
2406,3High
2407,3High
2408,3High
2409,3High
2410,1Low
2411,2Medium
2412,1Low
2413,3High
2414,3High
2415,3High
2416,3High
2417,1Low
2418,1Low
2419,3High
2420,3High
2421,3High
2422,3High
2423,3High
2424,1Low
2425,3High
2426,3High
2427,3High
2428,3High
2429,3High
2430,1Low
2431,3High
2432,3High
2433,3High
2434,3High
2435,3High
2436,3High
2437,3High
2438,3High
2439,1Low
2440,3High
2441,3High
2442,3High
2443,3High
2444,3High
2445,3High
2446,1Low
2447,3High
2448,3High
2449,3High
2450,3High
2451,3High
2452,1Low
2453,3High
2454,3High
2455,3High
2456,2Medium
2457,3High
2458,3High
2459,3High
2460,3High
2461,3High
2462,3High
2463,3High
2464,3High
2465,3High
2466,3High
2467,1Low
2468,3High
2469,3High
2470,3High
2471,3High
2472,3High
2473,3High
2474,3High
2475,3High
2476,3High
2477,3High
2478,3High
2479,3High
2480,3High
2481,3High
2482,3High
2483,3High
2484,1Low
2485,3High
2486,3High
2487,3High
2488,3High
2489,3High
2490,3High
2491,2Medium
2492,3High
2493,2Medium
2494,1Low
2495,3High
2496,3High
2497,3High
2498,3High
2499,3High
2500,3High
2501,3High
2502,1Low
2503,3High
2504,3High
2505,3High
2506,3High
2507,1Low
2508,3High
2509,3High
2510,1Low
2511,3High
2512,3High
2513,3High
2514,1Low
2515,3High
2516,3High
2517,3High
2518,3High
2519,3High
2520,3High
2521,3High
2522,3High
2523,3High
2524,3High
2525,3High
2526,3High
2527,3High
2528,3High
2529,1Low
2530,3High
2531,3High
2532,3High
2533,3High
2534,2Medium
2535,3High
2536,3High
2537,1Low
2538,3High
2539,1Low
2540,3High
2541,3High
2542,1Low
2543,3High
2544,2Medium
2545,3High
2546,3High
2547,1Low
2548,1Low
2549,1Low
2550,3High
2551,3High
2552,3High
2553,3High
2554,3High
2555,3High
2556,3High
2557,3High
2558,3High
2559,3High
2560,3High
2561,3High
2562,2Medium
2563,3High
2564,3High
2565,1Low
2566,3High
2567,3High
2568,3High
2569,3High
2570,3High
2571,3High
2572,2Medium
2573,3High
2574,3High
2575,3High
2576,1Low
2577,2Medium
2578,3High
2579,3High
2580,3High
2581,3High
2582,3High
2583,3High
2584,3High
2585,1Low
2586,3High
2587,3High
2588,3High
2589,3High
2590,3High
2591,2Medium
2592,3High
2593,3High
2594,3High
2595,3High
2596,3High
2597,3High
2598,3High
2599,3High
2600,3High
2601,3High
2602,3High
2603,3High
2604,3High
2605,3High
2606,1Low
2607,3High
2608,2Medium
2609,3High
2610,3High
2611,3High
2612,3High
2613,3High
2614,3High
2615,3High
2616,3High
2617,3High
2618,3High
2619,3High
2620,1Low
2621,3High
2622,3High
2623,3High
2624,3High
2625,3High
2626,3High
2627,3High
2628,1Low
2629,3High
2630,3High
2631,3High
2632,3High
2633,1Low
2634,3High
2635,3High
2636,3High
2637,3High
2638,3High
2639,3High
2640,3High
2641,1Low
2642,3High
2643,3High
2644,3High
2645,1Low
2646,3High
2647,1Low
2648,3High
2649,3High
2650,3High
2651,3High
2652,3High
2653,3High
2654,3High
2655,3High
2656,3High
2657,1Low
2658,3High
2659,3High
2660,3High
2661,3High
2662,3High
2663,3High
2664,3High
2665,3High
2666,3High
2667,3High
2668,3High
2669,3High
2670,3High
2671,2Medium
2672,3High
2673,3High
2674,3High
2675,3High
2676,3High
2677,2Medium
2678,3High
2679,3High
2680,3High
2681,3High
2682,3High
2683,3High
2684,3High
2685,1Low
2686,3High
2687,3High
2688,3High
2689,1Low
2690,3High
2691,2Medium
2692,3High
2693,3High
2694,3High
2695,1Low
2696,3High
2697,3High
2698,2Medium
2699,3High
2700,3High
2701,3High
2702,1Low
2703,3High
2704,3High
2705,1Low
2706,3High
2707,3High
2708,3High
2709,3High
2710,3High
2711,3High
2712,3High
2713,3High
2714,3High
2715,3High
2716,1Low
2717,3High
2718,3High
2719,1Low
2720,3High
2721,3High
2722,1Low
2723,3High
2724,3High
2725,3High
2726,3High
2727,3High
2728,3High
2729,3High
2730,3High
2731,3High
2732,3High
2733,3High
2734,1Low
2735,3High
2736,3High
2737,3High
2738,3High
2739,3High
2740,3High
2741,3High
2742,3High
2743,3High
2744,3High
2745,3High
2746,1Low
2747,3High
2748,3High
2749,3High
2750,3High
2751,3High
2752,3High
2753,3High
2754,3High
2755,3High
2756,3High
2757,3High
2758,1Low
2759,3High
2760,3High
2761,3High
2762,3High
2763,3High
2764,1Low
2765,3High
2766,3High
2767,3High
2768,1Low
2769,3High
2770,1Low
2771,3High
2772,3High
2773,3High
2774,3High
2775,3High
2776,3High
2777,3High
2778,3High
2779,3High
2780,3High
2781,3High
2782,3High
2783,3High
2784,3High
2785,3High
2786,1Low
2787,3High
2788,3High
2789,3High
2790,1Low
2791,3High
2792,3High
2793,3High
2794,3High
2795,2Medium
2796,3High
2797,3High
2798,3High
2799,3High
2800,3High
2801,2Medium
2802,2Medium
2803,3High
2804,3High
2805,3High
2806,3High
2807,3High
2808,3High
2809,3High
2810,1Low
2811,3High
2812,3High
2813,3High
2814,2Medium
2815,3High
2816,3High
2817,3High
2818,3High
2819,3High
2820,3High
2821,3High
2822,1Low
2823,1Low
2824,3High
2825,3High
2826,2Medium
2827,3High
2828,3High
2829,3High
2830,1Low
2831,1Low
2832,3High
2833,3High
2834,2Medium
2835,3High
2836,3High
2837,3High
2838,3High
2839,1Low
2840,3High
2841,3High
2842,3High
2843,3High
2844,3High
2845,1Low
2846,3High
2847,3High
2848,1Low
2849,3High
2850,1Low
2851,1Low
2852,3High
2853,3High
2854,3High
2855,3High
2856,3High
2857,3High
2858,3High
2859,3High
2860,3High
2861,3High
2862,3High
2863,3High
2864,1Low
2865,3High
2866,3High
2867,1Low
2868,3High
2869,2Medium
2870,1Low
2871,3High
2872,3High
2873,3High
2874,1Low
2875,3High
2876,3High
2877,3High
2878,3High
2879,3High
2880,3High
2881,3High
2882,1Low
2883,1Low
2884,1Low
2885,3High
2886,3High
2887,3High
2888,3High
2889,1Low
2890,3High
2891,1Low
2892,3High
2893,1Low
2894,3High
2895,3High
2896,3High
2897,1Low
2898,3High
2899,3High
2900,1Low
2901,1Low
2902,3High
2903,3High
2904,3High
2905,3High
2906,3High
2907,2Medium
2908,1Low
2909,3High
2910,3High
2911,3High
2912,3High
2913,3High
2914,3High
2915,3High
2916,3High
2917,3High
2918,3High
2919,3High
2920,3High
2921,3High
2922,3High
2923,3High
2924,3High
2925,3High
2926,3High
2927,3High
2928,3High
2929,3High
2930,3High
2931,3High
2932,3High
2933,1Low
2934,3High
2935,3High
2936,3High
2937,3High
2938,1Low
2939,3High
2940,3High
2941,3High
2942,3High
2943,3High
2944,3High
2945,1Low
2946,3High
2947,1Low
2948,3High
2949,3High
2950,1Low
2951,3High
2952,3High
2953,3High
2954,3High
2955,3High
2956,1Low
2957,3High
2958,3High
2959,3High
2960,3High
2961,3High
2962,3High
2963,1Low
2964,3High
2965,3High
2966,1Low
2967,3High
2968,3High
2969,1Low
2970,1Low
2971,3High
2972,3High
2973,3High
2974,3High
2975,3High
2976,3High
2977,3High
2978,3High
2979,1Low
2980,1Low
2981,3High
2982,3High
2983,3High
2984,3High
2985,3High
2986,3High
2987,3High
2988,3High
2989,1Low
2990,3High
2991,3High
2992,3High
2993,3High
2994,3High
2995,2Medium
2996,3High
2997,3High
2998,3High
2999,3High
3000,3High
3001,3High
3002,2Medium
3003,3High
3004,3High
3005,3High
3006,3High
3007,3High
3008,3High
3009,3High
3010,3High
3011,3High
3012,3High
3013,3High
3014,3High
3015,1Low
3016,1Low
3017,3High
3018,3High
3019,3High
3020,2Medium
3021,3High
3022,3High
3023,3High
3024,1Low
3025,3High
3026,3High
3027,1Low
3028,3High
3029,3High
3030,3High
3031,3High
3032,3High
3033,3High
3034,3High
3035,3High
3036,3High
3037,3High
3038,3High
3039,3High
3040,3High
3041,3High
3042,3High
3043,1Low
3044,1Low
3045,3High
3046,1Low
3047,1Low
3048,3High
3049,3High
3050,3High
3051,3High
3052,3High
3053,3High
3054,3High
3055,3High
3056,3High
3057,3High
3058,3High
3059,3High
3060,3High
3061,2Medium
3062,3High
3063,1Low
3064,3High
3065,3High
3066,3High
3067,3High
3068,3High
3069,1Low
3070,3High
3071,3High
3072,1Low
3073,1Low
3074,3High
3075,3High
3076,3High
3077,3High
3078,3High
3079,3High
3080,3High
3081,3High
3082,3High
3083,3High
3084,3High
3085,3High
3086,3High
3087,2Medium
3088,3High
3089,3High
3090,1Low
3091,3High
3092,3High
3093,3High
3094,3High
3095,3High
3096,3High
3097,1Low
3098,3High
3099,3High
3100,3High
3101,3High
3102,3High
3103,3High
3104,3High
3105,3High
3106,3High
3107,3High
3108,3High
3109,3High
3110,3High
3111,3High
3112,1Low
3113,3High
3114,3High
3115,3High
3116,3High
3117,3High
3118,3High
3119,3High
3120,1Low
3121,3High
3122,3High
3123,3High
3124,3High
3125,3High
3126,3High
3127,3High
3128,3High
3129,3High
3130,1Low
3131,3High
3132,3High
3133,1Low
3134,3High
3135,3High
3136,3High
3137,3High
3138,1Low
3139,3High
3140,3High
3141,3High
3142,3High
3143,3High
3144,3High
3145,3High
3146,3High
3147,3High
3148,3High
3149,3High
3150,3High
3151,2Medium
3152,3High
3153,3High
3154,3High
3155,1Low
3156,3High
3157,3High
3158,3High
3159,3High
3160,3High
3161,3High
3162,3High
3163,3High
3164,1Low
3165,3High
3166,3High
3167,3High
3168,3High
3169,3High
3170,3High
3171,1Low
3172,3High
3173,3High
3174,3High
3175,3High
3176,3High
3177,1Low
3178,1Low
3179,3High
3180,3High
3181,3High
3182,1Low
3183,3High
3184,3High
3185,3High
3186,3High
3187,3High
3188,3High
3189,3High
3190,1Low
3191,3High
3192,1Low
3193,1Low
3194,3High
3195,3High
3196,3High
3197,3High
3198,3High
3199,3High
3200,2Medium
3201,3High
3202,3High
3203,3High
3204,3High
3205,3High
3206,3High
3207,3High
3208,3High
3209,1Low
3210,3High
3211,1Low
3212,3High
3213,3High
3214,1Low
3215,3High
3216,1Low
3217,1Low
3218,3High
3219,3High
3220,3High
3221,3High
3222,1Low
3223,3High
3224,3High
3225,3High
3226,3High
3227,3High
3228,3High
3229,3High
3230,3High
3231,3High
3232,3High
3233,3High
3234,1Low
3235,3High
3236,3High
3237,3High
3238,3High
3239,1Low
3240,1Low
3241,3High
3242,1Low
3243,3High
3244,1Low
3245,2Medium
3246,3High
3247,3High
3248,3High
3249,1Low
3250,3High
3251,3High
3252,3High
3253,3High
3254,3High
3255,1Low
3256,3High
3257,3High
3258,3High
3259,3High
3260,3High
3261,3High
3262,1Low
3263,3High
3264,3High
3265,1Low
3266,3High
3267,3High
3268,1Low
3269,3High
3270,3High
3271,3High
3272,3High
3273,3High
3274,3High
3275,3High
3276,3High
3277,3High
3278,3High
3279,3High
3280,3High
3281,1Low
3282,3High
3283,3High
3284,1Low
3285,3High
3286,3High
3287,2Medium
3288,3High
3289,2Medium
3290,3High
3291,3High
3292,3High
3293,3High
3294,3High
3295,3High
3296,3High
3297,3High
3298,2Medium
3299,3High
3300,1Low
3301,1Low
3302,3High
3303,3High
3304,3High
3305,3High
3306,3High
3307,3High
3308,3High
3309,3High
3310,1Low
3311,1Low
3312,3High
3313,3High
3314,3High
3315,3High
3316,1Low
3317,3High
3318,1Low
3319,3High
3320,1Low
3321,1Low
3322,1Low
3323,3High
3324,3High
3325,3High
3326,1Low
3327,3High
3328,3High
3329,2Medium
3330,3High
3331,3High
3332,3High
3333,3High
3334,3High
3335,3High
3336,3High
3337,3High
3338,3High
3339,3High
3340,3High
3341,3High
3342,3High
3343,1Low
3344,3High
3345,1Low
3346,3High
3347,3High
3348,3High
3349,3High
3350,3High
3351,3High
3352,3High
3353,3High
3354,2Medium
3355,3High
3356,3High
3357,3High
3358,1Low
3359,3High
3360,3High
3361,3High
3362,3High
3363,3High
3364,3High
3365,3High
3366,3High
3367,3High
3368,3High
3369,3High
3370,3High
3371,3High
3372,3High
3373,3High
3374,3High
3375,3High
3376,3High
3377,3High
3378,3High
3379,3High
3380,3High
3381,3High
3382,1Low
3383,3High
3384,3High
3385,3High
3386,3High
3387,3High
3388,3High
3389,3High
3390,3High
3391,3High
3392,3High
3393,3High
3394,3High
3395,3High
3396,2Medium
3397,3High
3398,2Medium
3399,3High
3400,3High
3401,1Low
3402,3High
3403,3High
3404,3High
3405,3High
3406,3High
3407,1Low
3408,3High
3409,3High
3410,3High
3411,1Low
3412,3High
3413,3High
3414,2Medium
3415,3High
3416,3High
3417,3High
3418,3High
3419,3High
3420,1Low
3421,3High
3422,3High
3423,3High
3424,3High
3425,3High
3426,1Low
3427,2Medium
3428,3High
3429,3High
3430,3High
3431,3High
3432,3High
3433,1Low
3434,3High
3435,3High
3436,3High
3437,1Low
3438,3High
3439,3High
3440,3High
3441,3High
3442,3High
3443,1Low
3444,3High
3445,1Low
3446,2Medium
3447,1Low
3448,3High
3449,3High
3450,3High
3451,3High
3452,3High
3453,3High
3454,3High
3455,3High
3456,3High
3457,1Low
3458,3High
3459,3High
3460,3High
3461,3High
3462,3High
3463,3High
3464,1Low
3465,3High
3466,3High
3467,1Low
3468,3High
3469,3High
3470,3High
3471,1Low
3472,3High
3473,3High
3474,3High
3475,3High
3476,3High
3477,3High
3478,3High
3479,3High
3480,3High
3481,1Low
3482,3High
3483,1Low
3484,3High
3485,1Low
3486,1Low
3487,3High
3488,1Low
3489,3High
3490,3High
3491,2Medium
3492,3High
3493,3High
3494,2Medium
3495,3High
3496,3High
3497,3High
3498,3High
3499,3High
3500,3High
3501,3High
3502,3High
3503,3High
3504,2Medium
3505,3High
3506,3High
3507,3High
3508,1Low
3509,3High
3510,3High
3511,3High
3512,3High
3513,1Low
3514,3High
3515,3High
3516,3High
3517,2Medium
3518,1Low
3519,2Medium
3520,3High
3521,3High
3522,3High
3523,3High
3524,3High
3525,3High
3526,3High
3527,3High
3528,3High
3529,3High
3530,3High
3531,3High
3532,3High
3533,2Medium
3534,3High
3535,3High
3536,3High
3537,3High
3538,3High
3539,3High
3540,1Low
3541,3High
3542,3High
3543,3High
3544,3High
3545,3High
3546,3High
3547,3High
3548,3High
3549,3High
3550,3High
3551,3High
3552,3High
3553,3High
3554,3High
3555,1Low
3556,3High
3557,3High
3558,3High
3559,3High
3560,3High
3561,2Medium
3562,3High
3563,3High
3564,3High
3565,3High
3566,3High
3567,3High
3568,3High
3569,3High
3570,1Low
3571,3High
3572,3High
3573,3High
3574,2Medium
3575,3High
3576,3High
3577,3High
3578,3High
3579,3High
3580,3High
3581,3High
3582,3High
3583,3High
3584,3High
3585,3High
3586,1Low
3587,3High
3588,3High
3589,3High
3590,3High
3591,3High
3592,3High
3593,2Medium
3594,2Medium
3595,3High
3596,3High
3597,3High
3598,3High
3599,3High
3600,3High
3601,3High
3602,3High
3603,3High
3604,3High
3605,3High
3606,3High
3607,3High
3608,3High
3609,3High
3610,2Medium
3611,3High
3612,2Medium
3613,2Medium
3614,3High
3615,3High
3616,3High
3617,2Medium
3618,3High
3619,3High
3620,3High
3621,1Low
3622,3High
3623,3High
3624,3High
3625,3High
3626,3High
3627,3High
3628,3High
3629,3High
3630,1Low
3631,3High
3632,3High
3633,3High
3634,1Low
3635,1Low
3636,3High
3637,3High
3638,3High
3639,1Low
3640,3High
3641,3High
3642,3High
3643,3High
3644,3High
3645,3High
3646,3High
3647,3High
3648,2Medium
3649,3High
3650,1Low
3651,3High
3652,3High
3653,3High
3654,3High
3655,3High
3656,3High
3657,3High
3658,3High
3659,3High
3660,3High
3661,1Low
3662,3High
3663,3High
3664,3High
3665,3High
3666,3High
3667,1Low
3668,2Medium
3669,3High
3670,1Low
3671,3High
3672,3High
3673,3High
3674,3High
3675,3High
3676,2Medium
3677,3High
3678,3High
3679,1Low
3680,3High
3681,3High
3682,3High
3683,3High
3684,3High
3685,1Low
3686,2Medium
3687,3High
3688,3High
3689,2Medium
3690,3High
3691,3High
3692,3High
3693,1Low
3694,3High
3695,3High
3696,3High
3697,1Low
3698,3High
3699,3High
3700,3High
3701,1Low
3702,3High
3703,3High
3704,1Low
3705,3High
3706,2Medium
3707,3High
3708,3High
3709,3High
3710,3High
3711,3High
3712,1Low
3713,3High
3714,3High
3715,3High
3716,1Low
3717,3High
3718,3High
3719,2Medium
3720,3High
3721,3High
3722,3High
3723,3High
3724,3High
3725,3High
3726,1Low
3727,1Low
3728,1Low
3729,2Medium
3730,1Low
3731,1Low
3732,3High
3733,3High
3734,3High
3735,3High
3736,3High
3737,1Low
3738,3High
3739,3High
3740,3High
3741,3High
3742,3High
3743,2Medium
3744,3High
3745,3High
3746,2Medium
3747,3High
3748,3High
3749,3High
3750,2Medium
3751,3High
3752,3High
3753,1Low
3754,1Low
3755,3High
3756,3High
3757,3High
3758,3High
3759,1Low
3760,3High
3761,1Low
3762,3High
3763,3High
3764,3High
3765,3High
3766,1Low
3767,3High
3768,3High
3769,3High
3770,3High
3771,1Low
3772,3High
3773,3High
3774,3High
3775,3High
3776,1Low
3777,1Low
3778,3High
3779,3High
3780,3High
3781,3High
3782,3High
3783,3High
3784,3High
3785,3High
3786,3High
3787,3High
3788,3High
3789,3High
3790,3High
3791,3High
3792,1Low
3793,3High
3794,3High
3795,3High
3796,3High
3797,3High
3798,3High
3799,1Low
3800,3High
3801,3High
3802,3High
3803,3High
3804,1Low
3805,3High
3806,3High
3807,3High
3808,3High
3809,3High
3810,3High
3811,3High
3812,3High
3813,1Low
3814,3High
3815,2Medium
3816,3High
3817,3High
3818,1Low
3819,3High
3820,3High
3821,3High
3822,3High
3823,3High
3824,3High
3825,1Low
3826,3High
3827,3High
3828,3High
3829,1Low
3830,3High
3831,3High
3832,3High
3833,3High
3834,3High
3835,3High
3836,3High
3837,3High
3838,3High
3839,3High
3840,3High
3841,3High
3842,3High
3843,3High
3844,3High
3845,3High
3846,3High
3847,1Low
3848,3High
3849,3High
3850,3High
3851,3High
3852,3High
3853,3High
3854,2Medium
3855,3High
3856,3High
3857,3High
3858,3High
3859,2Medium
3860,3High
3861,3High
3862,3High
3863,1Low
3864,3High
3865,3High
3866,3High
3867,3High
3868,3High
3869,3High
3870,3High
3871,1Low
3872,3High
3873,3High
3874,1Low
3875,3High
3876,3High
3877,3High
3878,3High
3879,1Low
3880,3High
3881,1Low
3882,3High
3883,3High
3884,1Low
3885,1Low
3886,3High
3887,1Low
3888,3High
3889,3High
3890,3High
3891,3High
3892,2Medium
3893,3High
3894,3High
3895,3High
3896,3High
3897,1Low
3898,3High
3899,3High
3900,3High
3901,3High
3902,3High
3903,3High
3904,1Low
3905,1Low
3906,3High
3907,3High
3908,3High
3909,1Low
3910,2Medium
3911,3High
3912,3High
3913,2Medium
3914,3High
3915,3High
3916,3High
3917,3High
3918,3High
3919,3High
3920,3High
3921,3High
3922,2Medium
3923,3High
3924,1Low
3925,1Low
3926,3High
3927,1Low
3928,3High
3929,3High
3930,2Medium
3931,3High
3932,1Low
3933,3High
3934,3High
3935,3High
3936,3High
3937,3High
3938,3High
3939,3High
3940,3High
3941,1Low
3942,3High
3943,3High
3944,1Low
3945,3High
3946,3High
3947,3High
3948,2Medium
3949,3High
3950,3High
3951,1Low
3952,3High
3953,3High
3954,3High
3955,3High
3956,3High
3957,3High
3958,3High
3959,3High
3960,3High
3961,3High
3962,3High
3963,3High
3964,3High
3965,1Low
3966,3High
3967,3High
3968,3High
3969,2Medium
3970,3High
3971,3High
3972,3High
3973,3High
3974,3High
3975,3High
3976,3High
3977,3High
3978,3High
3979,3High
3980,3High
3981,3High
3982,3High
3983,3High
3984,3High
3985,3High
3986,1Low
3987,3High
3988,3High
3989,3High
3990,3High
3991,3High
3992,3High
3993,3High
3994,3High
3995,3High
3996,1Low
3997,3High
3998,3High
3999,3High
4000,3High
4001,3High
4002,2Medium
4003,2Medium
4004,3High
4005,3High
4006,3High
4007,3High
4008,3High
4009,3High
4010,3High
4011,3High
4012,1Low
4013,3High
4014,3High
4015,1Low
4016,1Low
4017,3High
4018,1Low
4019,3High
4020,3High
4021,3High
4022,3High
4023,3High
4024,2Medium
4025,3High
4026,1Low
4027,1Low
4028,3High
4029,1Low
4030,3High
4031,3High
4032,3High
4033,3High
4034,1Low
4035,3High
4036,3High
4037,3High
4038,3High
4039,3High
4040,1Low
4041,1Low
4042,3High
4043,3High
4044,3High
4045,3High
4046,3High
4047,1Low
4048,1Low
4049,3High
4050,3High
4051,3High
4052,3High
4053,2Medium
4054,3High
4055,2Medium
4056,3High
4057,1Low
4058,3High
4059,1Low
4060,3High
4061,3High
4062,3High
4063,3High
4064,1Low
4065,3High
4066,3High
4067,3High
4068,3High
4069,3High
4070,1Low
4071,3High
4072,3High
4073,3High
4074,3High
4075,3High
4076,3High
4077,2Medium
4078,3High
4079,3High
4080,3High
4081,3High
4082,3High
4083,3High
4084,3High
4085,3High
4086,3High
4087,3High
4088,3High
4089,3High
4090,3High
4091,3High
4092,3High
4093,3High
4094,3High
4095,3High
4096,3High
4097,2Medium
4098,3High
4099,3High
4100,3High
4101,3High
4102,1Low
4103,1Low
4104,3High
4105,3High
4106,3High
4107,3High
4108,3High
4109,3High
4110,3High
4111,2Medium
4112,3High
4113,3High
4114,3High
4115,3High
4116,3High
4117,3High
4118,3High
4119,3High
4120,1Low
4121,3High
4122,3High
4123,1Low
4124,2Medium
4125,3High
4126,3High
4127,3High
4128,3High
4129,3High
4130,3High
4131,3High
4132,3High
4133,1Low
4134,3High
4135,3High
4136,1Low
4137,3High
4138,3High
4139,3High
4140,3High
4141,3High
4142,3High
4143,3High
4144,3High
4145,3High
4146,3High
4147,3High
4148,3High
4149,3High
4150,3High
4151,2Medium
4152,2Medium
4153,3High
4154,1Low
4155,1Low
4156,3High
4157,3High
4158,1Low
4159,3High
4160,3High
4161,3High
4162,3High
4163,1Low
4164,2Medium
4165,3High
4166,3High
4167,1Low
4168,3High
4169,3High
4170,3High
4171,3High
4172,3High
4173,3High
4174,1Low
4175,3High
4176,3High
4177,1Low
4178,1Low
4179,3High
4180,3High
4181,1Low
4182,3High
4183,3High
4184,3High
4185,3High
4186,3High
4187,3High
4188,3High
4189,3High
4190,3High
4191,1Low
4192,3High
4193,3High
4194,3High
4195,3High
4196,3High
4197,3High
4198,3High
4199,3High
4200,3High
4201,3High
4202,3High
4203,3High
4204,3High
4205,3High
4206,3High
4207,3High
4208,3High
4209,3High
4210,3High
4211,3High
4212,3High
4213,3High
4214,3High
4215,3High
4216,3High
4217,3High
4218,3High
4219,3High
4220,3High
4221,3High
4222,2Medium
4223,3High
4224,3High
4225,2Medium
4226,3High
4227,3High
4228,3High
4229,3High
4230,1Low
4231,3High
4232,3High
4233,2Medium
4234,3High
4235,3High
4236,1Low
4237,3High
4238,3High
4239,3High
4240,1Low
4241,3High
4242,3High
4243,3High
4244,3High
4245,1Low
4246,3High
4247,3High
4248,1Low
4249,3High
4250,3High
4251,2Medium
4252,3High
4253,3High
4254,2Medium
4255,3High
4256,3High
4257,3High
4258,3High
4259,3High
4260,3High
4261,1Low
4262,3High
4263,1Low
4264,3High
4265,3High
4266,3High
4267,3High
4268,3High
4269,3High
4270,3High
4271,3High
4272,3High
4273,3High
4274,3High
4275,3High
4276,3High
4277,3High
4278,3High
4279,3High
4280,3High
4281,1Low
4282,3High
4283,3High
4284,3High
4285,3High
4286,3High
4287,3High
4288,1Low
4289,1Low
4290,3High
4291,3High
4292,3High
4293,3High
4294,3High
4295,2Medium
4296,3High
4297,3High
4298,3High
4299,3High
4300,1Low
4301,1Low
4302,3High
4303,3High
4304,3High
4305,1Low
4306,3High
4307,3High
4308,1Low
4309,3High
4310,3High
4311,3High
4312,3High
4313,3High
4314,3High
4315,1Low
4316,3High
4317,3High
4318,3High
4319,3High
4320,3High
4321,3High
4322,1Low
4323,3High
4324,3High
4325,3High
4326,3High
4327,2Medium
4328,1Low
4329,3High
4330,3High
4331,3High
4332,1Low
4333,3High
4334,3High
4335,1Low
4336,3High
4337,1Low
4338,3High
4339,1Low
4340,3High
4341,1Low
4342,3High
4343,3High
4344,3High
4345,2Medium
4346,3High
4347,1Low
4348,3High
4349,3High
4350,3High
4351,3High
4352,3High
4353,3High
4354,1Low
4355,3High
4356,3High
4357,3High
4358,3High
4359,3High
4360,3High
4361,3High
4362,3High
4363,3High
4364,3High
4365,1Low
4366,1Low
4367,3High
4368,3High
4369,3High
4370,3High
4371,3High
4372,2Medium
4373,3High
4374,3High
4375,1Low
4376,1Low
4377,3High
4378,3High
4379,3High
4380,3High
4381,3High
4382,3High
4383,3High
4384,3High
4385,3High
4386,1Low
4387,3High
4388,3High
4389,3High
4390,3High
4391,1Low
4392,3High
4393,3High
4394,3High
4395,3High
4396,3High
4397,3High
4398,3High
4399,1Low
4400,1Low
4401,3High
4402,3High
4403,3High
4404,3High
4405,2Medium
4406,3High
4407,3High
4408,3High
4409,1Low
4410,3High
4411,3High
4412,3High
4413,3High
4414,3High
4415,3High
4416,3High
4417,3High
4418,1Low
4419,2Medium
4420,3High
4421,3High
4422,3High
4423,1Low
4424,3High
4425,3High
4426,3High
4427,3High
4428,3High
4429,3High
4430,3High
4431,3High
4432,3High
4433,3High
4434,3High
4435,3High
4436,3High
4437,3High
4438,3High
4439,3High
4440,3High
4441,3High
4442,1Low
4443,3High
4444,3High
4445,3High
4446,3High
4447,3High
4448,2Medium
4449,1Low
4450,1Low
4451,3High
4452,2Medium
4453,3High
4454,3High
4455,3High
4456,1Low
4457,3High
4458,3High
4459,3High
4460,3High
4461,3High
4462,2Medium
4463,3High
4464,1Low
4465,3High
4466,1Low
4467,3High
4468,3High
4469,3High
4470,3High
4471,3High
4472,3High
4473,3High
4474,3High
4475,3High
4476,3High
4477,3High
4478,3High
4479,3High
4480,3High
4481,3High
4482,3High
4483,3High
4484,3High
4485,3High
4486,3High
4487,3High
4488,3High
4489,3High
4490,3High
4491,3High
4492,3High
4493,3High
4494,3High
4495,3High
4496,3High
4497,3High
4498,3High
4499,3High
4500,2Medium
4501,3High
4502,3High
4503,3High
4504,3High
4505,3High
4506,1Low
4507,3High
4508,3High
4509,3High
4510,1Low
4511,3High
4512,3High
4513,1Low
4514,3High
4515,1Low
4516,3High
4517,1Low
4518,3High
4519,3High
4520,3High
4521,2Medium
4522,3High
4523,3High
4524,1Low
4525,3High
4526,3High
4527,3High
4528,1Low
4529,1Low
4530,3High
4531,3High
4532,3High
4533,3High
4534,3High
4535,3High
4536,3High
4537,3High
4538,3High
4539,3High
4540,1Low
4541,3High
4542,3High
4543,2Medium
4544,3High
4545,3High
4546,1Low
4547,3High
4548,3High
4549,3High
4550,3High
4551,3High
4552,3High
4553,3High
4554,3High
4555,1Low
4556,3High
4557,3High
4558,3High
4559,3High
4560,3High
4561,1Low
4562,3High
4563,3High
4564,1Low
4565,3High
4566,3High
4567,2Medium
4568,3High
4569,3High
4570,3High
4571,2Medium
4572,3High
4573,3High
4574,3High
4575,3High
4576,3High
4577,3High
4578,3High
4579,3High
4580,3High
4581,3High
4582,1Low
4583,2Medium
4584,3High
4585,2Medium
4586,3High
4587,3High
4588,3High
4589,3High
4590,2Medium
4591,3High
4592,3High
4593,1Low
4594,3High
4595,3High
4596,3High
4597,3High
4598,3High
4599,3High
4600,3High
4601,1Low
4602,3High
4603,2Medium
4604,3High
4605,3High
4606,3High
4607,3High
4608,1Low
4609,3High
4610,3High
4611,3High
4612,3High
4613,3High
4614,3High
4615,3High
4616,3High
4617,1Low
4618,3High
4619,3High
4620,3High
4621,3High
4622,3High
4623,3High
4624,3High
4625,3High
4626,3High
4627,3High
4628,3High
4629,3High
4630,3High
4631,3High
4632,3High
4633,3High
4634,3High
4635,3High
4636,3High
4637,3High
4638,3High
4639,3High
4640,3High
4641,3High
4642,3High
4643,3High
4644,3High
4645,3High
4646,3High
4647,3High
4648,3High
4649,3High
4650,3High
4651,3High
4652,1Low
4653,1Low
4654,1Low
4655,3High
4656,3High
4657,3High
4658,1Low
4659,3High
4660,3High
4661,3High
4662,1Low
4663,2Medium
4664,1Low
4665,3High
4666,3High
4667,3High
4668,1Low
4669,3High
4670,3High
4671,3High
4672,3High
4673,3High
4674,3High
4675,3High
4676,3High
4677,3High
4678,1Low
4679,1Low
4680,3High
4681,3High
4682,3High
4683,3High
4684,1Low
4685,3High
4686,3High
4687,3High
4688,3High
4689,3High
4690,2Medium
4691,3High
4692,3High
4693,1Low
4694,3High
4695,3High
4696,3High
4697,1Low
4698,3High
4699,3High
4700,3High
4701,3High
4702,3High
4703,3High
4704,1Low
4705,3High
4706,3High
4707,3High
4708,3High
4709,3High
4710,1Low
4711,3High
4712,3High
4713,3High
4714,3High
4715,3High
4716,3High
4717,1Low
4718,3High
4719,1Low
4720,3High
4721,3High
4722,1Low
4723,3High
4724,3High
4725,3High
4726,1Low
4727,3High
4728,2Medium
4729,3High
4730,2Medium
4731,3High
4732,3High
4733,1Low
4734,3High
4735,3High
4736,1Low
4737,3High
4738,3High
4739,3High
4740,1Low
4741,3High
4742,3High
4743,3High
4744,1Low
4745,3High
4746,1Low
4747,2Medium
4748,3High
4749,3High
4750,3High
4751,3High
4752,3High
4753,3High
4754,3High
4755,3High
4756,3High
4757,3High
4758,3High
4759,1Low
4760,1Low
4761,3High
4762,3High
4763,3High
4764,3High
4765,3High
4766,3High
4767,3High
4768,3High
4769,1Low
4770,3High
4771,1Low
4772,2Medium
4773,3High
4774,3High
4775,3High
4776,3High
4777,3High
4778,3High
4779,3High
4780,1Low
4781,3High
4782,3High
4783,3High
4784,3High
4785,3High
4786,1Low
4787,3High
4788,3High
4789,3High
4790,3High
4791,2Medium
4792,3High
4793,3High
4794,3High
4795,1Low
4796,3High
4797,3High
4798,3High
4799,3High
4800,3High
4801,3High
4802,3High
4803,3High
4804,1Low
4805,3High
4806,3High
4807,3High
4808,3High
4809,2Medium
4810,2Medium
4811,3High
4812,3High
4813,3High
4814,3High
4815,3High
4816,3High
4817,3High
4818,3High
4819,3High
4820,1Low
4821,3High
4822,3High
4823,3High
4824,3High
4825,1Low
4826,1Low
4827,3High
4828,3High
4829,3High
4830,1Low
4831,1Low
4832,3High
4833,3High
4834,3High
4835,3High
4836,3High
4837,3High
4838,3High
4839,1Low
4840,1Low
4841,2Medium
4842,2Medium
4843,2Medium
4844,3High
4845,1Low
4846,3High
4847,1Low
4848,3High
4849,3High
4850,3High
4851,3High
4852,3High
4853,3High
4854,1Low
4855,3High
4856,3High
4857,1Low
4858,3High
4859,3High
4860,3High
4861,3High
4862,3High
4863,3High
4864,3High
4865,3High
4866,3High
4867,3High
4868,2Medium
4869,1Low
4870,3High
4871,3High
4872,3High
4873,3High
4874,3High
4875,1Low
4876,2Medium
4877,1Low
4878,3High
4879,1Low
4880,3High
4881,3High
4882,3High
4883,3High
4884,3High
4885,2Medium
4886,3High
4887,3High
4888,3High
4889,3High
4890,1Low
4891,3High
4892,3High
4893,3High
4894,3High
4895,3High
4896,3High
4897,3High
4898,2Medium
4899,3High
4900,3High
4901,3High
4902,1Low
4903,3High
4904,1Low
4905,3High
4906,3High
4907,1Low
4908,3High
4909,3High
4910,3High
4911,3High
4912,3High
4913,3High
4914,3High
4915,3High
4916,3High
4917,3High
4918,3High
4919,3High
4920,3High
4921,3High
4922,3High
4923,1Low
4924,3High
4925,3High
4926,3High
4927,1Low
4928,3High
4929,3High
4930,3High
4931,3High
4932,3High
4933,2Medium
4934,3High
4935,3High
4936,3High
4937,3High
4938,2Medium
4939,2Medium
4940,3High
4941,1Low
4942,3High
4943,3High
4944,3High
4945,3High
4946,2Medium
4947,3High
4948,1Low
4949,3High
4950,1Low
4951,3High
4952,1Low
4953,3High
4954,3High
4955,2Medium
4956,1Low
4957,1Low
4958,3High
4959,3High
4960,3High
4961,3High
4962,2Medium
4963,3High
4964,3High
4965,3High
4966,3High
4967,3High
4968,3High
4969,3High
4970,1Low
4971,3High
4972,3High
4973,3High
4974,3High
4975,3High
4976,2Medium
4977,3High
4978,1Low
4979,3High
4980,3High
4981,1Low
4982,2Medium
4983,1Low
4984,3High
4985,3High
4986,3High
4987,3High
4988,3High
4989,3High
4990,3High
4991,3High
4992,3High
4993,3High
4994,3High
4995,3High
4996,3High
4997,3High
4998,3High
4999,3High
5000,3High
5001,3High
5002,3High
5003,1Low
5004,3High
5005,3High
5006,3High
5007,3High
5008,3High
5009,3High
5010,3High
5011,1Low
5012,3High
5013,3High
5014,2Medium
5015,3High
5016,3High
5017,3High
5018,3High
5019,3High
5020,3High
5021,2Medium
5022,3High
5023,3High
5024,3High
5025,3High
5026,1Low
5027,3High
5028,3High
5029,3High
5030,1Low
5031,3High
5032,3High
5033,3High
5034,3High
5035,3High
5036,3High
5037,3High
5038,1Low
5039,3High
5040,3High
5041,3High
5042,3High
5043,1Low
5044,1Low
5045,1Low
5046,3High
5047,3High
5048,3High
5049,3High
5050,3High
5051,3High
5052,3High
5053,1Low
5054,3High
5055,1Low
5056,3High
5057,1Low
5058,3High
5059,1Low
5060,1Low
5061,3High
5062,3High
5063,3High
5064,3High
5065,3High
5066,3High
5067,1Low
5068,3High
5069,3High
5070,3High
5071,3High
5072,3High
5073,3High
5074,3High
5075,3High
5076,3High
5077,3High
5078,3High
5079,3High
5080,3High
5081,3High
5082,3High
5083,3High
5084,3High
5085,3High
5086,3High
5087,3High
5088,3High
5089,3High
5090,3High
5091,1Low
5092,3High
5093,3High
5094,3High
5095,1Low
5096,3High
5097,3High
5098,3High
5099,3High
5100,3High
5101,3High
5102,3High
5103,3High
5104,3High
5105,1Low
5106,1Low
5107,3High
5108,3High
5109,3High
5110,3High
5111,3High
5112,3High
5113,3High
5114,3High
5115,3High
5116,3High
5117,3High
5118,3High
5119,3High
5120,3High
5121,3High
5122,3High
5123,3High
5124,3High
5125,3High
5126,3High
5127,3High
5128,3High
5129,3High
5130,3High
5131,3High
5132,3High
5133,3High
5134,3High
5135,3High
5136,3High
5137,3High
5138,3High
5139,3High
5140,3High
5141,1Low
5142,3High
5143,3High
5144,3High
5145,3High
5146,3High
5147,3High
5148,3High
5149,3High
5150,3High
5151,3High
5152,3High
5153,1Low
5154,3High
5155,3High
5156,3High
5157,3High
5158,1Low
5159,1Low
5160,3High
5161,1Low
5162,1Low
5163,2Medium
5164,3High
5165,1Low
5166,3High
5167,1Low
5168,3High
5169,3High
5170,3High
5171,3High
5172,3High
5173,3High
5174,3High
5175,1Low
5176,1Low
5177,3High
5178,3High
5179,3High
5180,3High
5181,3High
5182,3High
5183,3High
5184,3High
5185,3High
5186,1Low
5187,3High
5188,1Low
5189,3High
5190,3High
5191,3High
5192,3High
5193,1Low
5194,3High
5195,3High
5196,2Medium
5197,3High
5198,3High
5199,3High
5200,1Low
5201,3High
5202,3High
5203,3High
5204,3High
5205,1Low
5206,3High
5207,3High
5208,3High
5209,1Low
5210,3High
5211,3High
5212,3High
5213,3High
5214,3High
5215,3High
5216,3High
5217,1Low
5218,3High
5219,3High
5220,3High
5221,3High
5222,3High
5223,1Low
5224,3High
5225,3High
5226,3High
5227,3High
5228,3High
5229,1Low
5230,3High
5231,3High
5232,3High
5233,3High
5234,1Low
5235,3High
5236,2Medium
5237,3High
5238,3High
5239,3High
5240,1Low
5241,3High
5242,3High
5243,1Low
5244,3High
5245,3High
5246,3High
5247,3High
5248,1Low
5249,3High
5250,3High
5251,3High
5252,3High
5253,3High
5254,3High
5255,3High
5256,3High
5257,3High
5258,3High
5259,3High
5260,3High
5261,3High
5262,3High
5263,3High
5264,3High
5265,3High
5266,3High
5267,3High
5268,3High
5269,3High
5270,3High
5271,1Low
5272,2Medium
5273,3High
5274,3High
5275,3High
5276,2Medium
5277,3High
5278,3High
5279,3High
5280,3High
5281,3High
5282,3High
5283,3High
5284,3High
5285,3High
5286,1Low
5287,3High
5288,1Low
5289,2Medium
5290,1Low
5291,3High
5292,3High
5293,3High
5294,3High
5295,1Low
5296,3High
5297,1Low
5298,3High
5299,3High
5300,3High
5301,1Low
5302,3High
5303,3High
5304,3High
5305,3High
5306,1Low
5307,2Medium
5308,3High
5309,3High
5310,3High
5311,3High
5312,1Low
5313,3High
5314,1Low
5315,3High
5316,1Low
5317,3High
5318,2Medium
5319,3High
5320,3High
5321,3High
5322,3High
5323,3High
5324,1Low
5325,3High
5326,1Low
5327,3High
5328,3High
5329,3High
5330,1Low
5331,1Low
5332,1Low
5333,3High
5334,1Low
5335,3High
5336,3High
5337,1Low
5338,3High
5339,1Low
5340,3High
5341,3High
5342,3High
5343,3High
5344,3High
5345,3High
5346,3High
5347,3High
5348,3High
5349,3High
5350,3High
5351,2Medium
5352,3High
5353,3High
5354,3High
5355,3High
5356,3High
5357,3High
5358,3High
5359,3High
5360,3High
5361,3High
5362,3High
5363,3High
5364,3High
5365,3High
5366,3High
5367,3High
5368,3High
5369,1Low
5370,3High
5371,3High
5372,3High
5373,3High
5374,1Low
5375,3High
5376,3High
5377,3High
5378,3High
5379,3High
5380,3High
5381,3High
5382,3High
5383,3High
5384,3High
5385,2Medium
5386,3High
5387,3High
5388,3High
5389,3High
5390,1Low
5391,3High
5392,3High
5393,3High
5394,3High
5395,3High
5396,3High
5397,3High
5398,3High
5399,3High
5400,3High
5401,3High
5402,3High
5403,3High
5404,3High
5405,3High
5406,3High
5407,3High
5408,1Low
5409,1Low
5410,3High
5411,3High
5412,3High
5413,1Low
5414,3High
5415,3High
5416,1Low
5417,3High
5418,1Low
5419,3High
5420,3High
5421,3High
5422,3High
5423,3High
5424,3High
5425,3High
5426,3High
5427,3High
5428,3High
5429,3High
5430,3High
5431,3High
5432,3High
5433,3High
5434,3High
5435,3High
5436,3High
5437,3High
5438,3High
5439,3High
5440,2Medium
5441,3High
5442,3High
5443,1Low
5444,3High
5445,1Low
5446,3High
5447,3High
5448,3High
5449,3High
5450,3High
5451,2Medium
5452,3High
5453,3High
5454,2Medium
5455,3High
5456,3High
5457,3High
5458,1Low
5459,3High
5460,2Medium
5461,3High
5462,3High
5463,3High
5464,3High
5465,3High
5466,1Low
5467,3High
5468,3High
5469,3High
5470,3High
5471,3High
5472,3High
5473,3High
5474,3High
5475,3High
5476,3High
5477,3High
5478,3High
5479,3High
5480,1Low
5481,3High
5482,3High
5483,3High
5484,3High
5485,3High
5486,3High
5487,3High
5488,2Medium
5489,1Low
5490,1Low
5491,1Low
5492,3High
5493,3High
5494,3High
5495,3High
5496,1Low
5497,3High
5498,3High
5499,1Low
5500,3High
5501,1Low
5502,3High
5503,3High
5504,3High
5505,3High
5506,3High
5507,3High
5508,1Low
5509,3High
5510,3High
5511,3High
5512,1Low
5513,1Low
5514,3High
5515,3High
5516,3High
5517,3High
5518,2Medium
5519,3High
5520,2Medium
5521,1Low
5522,1Low
5523,3High
5524,3High
5525,3High
5526,3High
5527,3High
5528,3High
5529,3High
5530,1Low
5531,3High
5532,3High
5533,3High
5534,3High
5535,3High
5536,3High
5537,3High
5538,3High
5539,2Medium
5540,3High
5541,3High
5542,3High
5543,3High
5544,3High
5545,3High
5546,3High
5547,2Medium
5548,1Low
5549,3High
5550,3High
5551,3High
5552,3High
5553,3High
5554,3High
5555,3High
5556,3High
5557,3High
5558,3High
5559,1Low
5560,3High
5561,3High
5562,3High
5563,1Low
5564,3High
5565,3High
5566,3High
5567,3High
5568,1Low
5569,1Low
5570,1Low
5571,3High
5572,3High
5573,3High
5574,3High
5575,3High
5576,3High
5577,3High
5578,3High
5579,3High
5580,3High
5581,3High
5582,3High
5583,2Medium
5584,3High
5585,1Low
5586,3High
5587,3High
5588,3High
5589,3High
5590,3High
5591,3High
5592,3High
5593,3High
5594,3High
5595,3High
5596,3High
5597,3High
5598,3High
5599,3High
5600,3High
5601,3High
5602,1Low
5603,3High
5604,3High
5605,3High
5606,3High
5607,3High
5608,3High
5609,3High
5610,3High
5611,3High
5612,3High
5613,3High
5614,3High
5615,3High
5616,1Low
5617,2Medium
5618,1Low
5619,3High
5620,3High
5621,1Low
5622,3High
5623,3High
5624,3High
5625,3High
5626,1Low
5627,2Medium
5628,3High
5629,3High
5630,3High
5631,3High
5632,3High
5633,3High
5634,3High
5635,3High
5636,3High
5637,1Low
5638,3High
5639,3High
5640,1Low
5641,3High
5642,3High
5643,3High
5644,1Low
5645,3High
5646,3High
5647,3High
5648,3High
5649,1Low
5650,3High
5651,3High
5652,3High
5653,3High
5654,3High
5655,1Low
5656,3High
5657,3High
5658,3High
5659,1Low
5660,3High
5661,3High
5662,3High
5663,3High
5664,3High
5665,3High
5666,3High
5667,3High
5668,3High
5669,3High
5670,3High
5671,3High
5672,3High
5673,3High
5674,3High
5675,3High
5676,3High
5677,3High
5678,3High
5679,3High
5680,3High
5681,2Medium
5682,2Medium
5683,3High
5684,3High
5685,3High
5686,1Low
5687,3High
5688,3High
5689,3High
5690,3High
5691,1Low
5692,3High
5693,3High
5694,3High
5695,3High
5696,1Low
5697,1Low
5698,3High
5699,3High
5700,3High
5701,3High
5702,3High
5703,3High
5704,3High
5705,1Low
5706,3High
5707,1Low
5708,3High
5709,3High
5710,3High
5711,1Low
5712,3High
5713,2Medium
5714,3High
5715,3High
5716,3High
5717,3High
5718,1Low
5719,3High
5720,3High
5721,3High
5722,3High
5723,3High
5724,3High
5725,3High
5726,3High
5727,3High
5728,1Low
5729,1Low
5730,3High
5731,3High
5732,3High
5733,3High
5734,3High
5735,3High
5736,3High
5737,3High
5738,1Low
5739,3High
5740,3High
5741,1Low
5742,3High
5743,1Low
5744,3High
5745,1Low
5746,3High
5747,3High
5748,3High
5749,3High
5750,3High
5751,3High
5752,3High
5753,3High
5754,3High
5755,3High
5756,3High
5757,3High
5758,3High
5759,3High
5760,3High
5761,1Low
5762,2Medium
5763,3High
5764,3High
5765,3High
5766,3High
5767,1Low
5768,3High
5769,3High
5770,2Medium
5771,3High
5772,3High
5773,3High
5774,3High
5775,3High
5776,3High
5777,3High
5778,3High
5779,3High
5780,2Medium
5781,3High
5782,3High
5783,3High
5784,3High
5785,3High
5786,3High
5787,3High
5788,3High
5789,3High
5790,3High
5791,3High
5792,3High
5793,3High
5794,1Low
5795,3High
5796,1Low
5797,3High
5798,3High
5799,2Medium
5800,3High
5801,3High
5802,3High
5803,1Low
5804,3High
5805,3High
5806,3High
5807,3High
5808,1Low
5809,3High
5810,3High
5811,3High
5812,3High
5813,3High
5814,1Low
5815,3High
5816,1Low
5817,3High
5818,1Low
5819,3High
5820,3High
5821,3High
5822,3High
5823,3High
5824,3High
5825,3High
5826,3High
5827,3High
5828,1Low
5829,3High
5830,3High
5831,1Low
5832,3High
5833,2Medium
5834,3High
5835,3High
5836,3High
5837,3High
5838,3High
5839,3High
5840,1Low
5841,3High
5842,3High
5843,3High
5844,3High
5845,3High
5846,3High
5847,2Medium
5848,3High
5849,3High
5850,3High
5851,3High
5852,3High
5853,3High
5854,3High
5855,3High
5856,3High
5857,3High
5858,1Low
5859,3High
5860,2Medium
5861,3High
5862,3High
5863,1Low
5864,3High
5865,3High
5866,3High
5867,3High
5868,3High
5869,3High
5870,3High
5871,3High
5872,3High
5873,3High
5874,3High
5875,3High
5876,3High
5877,3High
5878,1Low
5879,3High
5880,3High
5881,3High
5882,2Medium
5883,3High
5884,3High
5885,3High
5886,1Low
5887,3High
5888,3High
5889,3High
5890,1Low
5891,3High
5892,3High
5893,3High
5894,3High
5895,3High
5896,3High
5897,1Low
5898,1Low
5899,3High
5900,3High
5901,3High
5902,3High
5903,3High
5904,3High
5905,2Medium
5906,3High
5907,3High
5908,1Low
5909,3High
5910,3High
5911,1Low
5912,3High
5913,3High
5914,3High
5915,3High
5916,2Medium
5917,3High
5918,3High
5919,1Low
5920,3High
5921,3High
5922,1Low
5923,3High
5924,3High
5925,3High
5926,1Low
5927,3High
5928,2Medium
5929,3High
5930,3High
5931,2Medium
5932,3High
5933,3High
5934,3High
5935,3High
5936,1Low
5937,3High
5938,3High
5939,3High
5940,3High
5941,3High
5942,3High
5943,3High
5944,3High
5945,3High
5946,3High
5947,3High
5948,3High
5949,1Low
5950,3High
5951,3High
5952,3High
5953,3High
5954,1Low
5955,3High
5956,3High
5957,1Low
5958,3High
5959,3High
5960,3High
5961,2Medium
5962,1Low
5963,1Low
5964,1Low
5965,3High
5966,3High
5967,3High
5968,3High
5969,2Medium
5970,3High
5971,3High
5972,1Low
5973,3High
5974,3High
5975,1Low
5976,3High
5977,3High
5978,2Medium
5979,3High
5980,3High
5981,1Low
5982,3High
5983,3High
5984,3High
5985,1Low
5986,3High
5987,1Low
5988,3High
5989,3High
5990,3High
5991,3High
5992,3High
5993,1Low
5994,3High
5995,3High
5996,3High
5997,3High
5998,3High
5999,3High
6000,1Low
6001,3High
6002,2Medium
6003,3High
6004,1Low
6005,1Low
6006,3High
6007,1Low
6008,1Low
6009,3High
6010,3High
6011,3High
6012,3High
6013,3High
6014,3High
6015,3High
6016,3High
6017,3High
6018,3High
6019,3High
6020,3High
6021,3High
6022,3High
6023,3High
6024,3High
6025,3High
6026,1Low
6027,3High
6028,3High
6029,3High
6030,3High
6031,3High
6032,3High
6033,1Low
6034,3High
6035,3High
6036,3High
6037,3High
6038,3High
6039,3High
6040,3High
6041,1Low
6042,3High
6043,1Low
6044,3High
6045,3High
6046,1Low
6047,3High
6048,3High
6049,3High
6050,3High
6051,3High
6052,3High
6053,3High
6054,3High
6055,3High
6056,3High
6057,3High
6058,3High
6059,1Low
6060,3High
6061,3High
6062,3High
6063,3High
6064,3High
6065,3High
6066,1Low
6067,3High
6068,3High
6069,3High
6070,2Medium
6071,3High
6072,3High
6073,3High
6074,3High
6075,3High
6076,3High
6077,3High
6078,1Low
6079,3High
6080,3High
6081,3High
6082,1Low
6083,1Low
6084,3High
6085,1Low
6086,3High
6087,2Medium
6088,3High
6089,3High
6090,3High
6091,3High
6092,3High
6093,3High
6094,2Medium
6095,1Low
6096,3High
6097,1Low
6098,3High
6099,3High
6100,3High
6101,3High
6102,3High
6103,3High
6104,3High
6105,3High
6106,3High
6107,3High
6108,3High
6109,3High
6110,3High
6111,3High
6112,3High
6113,1Low
6114,3High
6115,3High
6116,3High
6117,1Low
6118,3High
6119,3High
6120,3High
6121,3High
6122,3High
6123,3High
6124,3High
6125,3High
6126,1Low
6127,3High
6128,3High
6129,1Low
6130,3High
6131,3High
6132,3High
6133,3High
6134,3High
6135,3High
6136,3High
6137,3High
6138,3High
6139,3High
6140,1Low
6141,3High
6142,2Medium
6143,3High
6144,3High
6145,1Low
6146,3High
6147,3High
